{
  "min": 0.0626190476190476,
  "max": 0.9976190476190476,
  "mean": 0.27443934703419615,
  "distribution_by_tier": {
    "1": 2937,
    "2": 8352,
    "3": 36334
  }
}